EVENT_ID,CZ_NAME_STR,BEGIN_LOCATION,BEGIN_DATE,BEGIN_TIME,EVENT_TYPE,MAGNITUDE,TOR_F_SCALE,DEATHS_DIRECT,INJURIES_DIRECT,DAMAGE_PROPERTY_NUM,DAMAGE_CROPS_NUM,STATE_ABBR,CZ_TIMEZONE,MAGNITUDE_TYPE,EPISODE_ID,CZ_TYPE,CZ_FIPS,WFO,INJURIES_INDIRECT,DEATHS_INDIRECT,SOURCE,FLOOD_CAUSE,TOR_LENGTH,TOR_WIDTH,BEGIN_RANGE,BEGIN_AZIMUTH,END_RANGE,END_AZIMUTH,END_LOCATION,END_DATE,END_TIME,BEGIN_LAT,BEGIN_LON,END_LAT,END_LON,EVENT_NARRATIVE,EPISODE_NARRATIVE,ABSOLUTE_ROWNUMBER
1207147,ROBERTSON CO.,SPRINGFIELD,09/24/2024,416,Lightning, , ,0,0,25000,0,TN,CST-6, ,195293,C,147,OHX,0,0,Emergency Manager, , , ,0.25,W,0.25,W,SPRINGFIELD,09/24/2024,416,36.5007,-86.8844,36.5007,-86.8844,"The Robertson County Emergency Operations Center was struck by lightning, causing minor damage.","Thunderstorms developed ahead of a cold front that moved eastward through Middle Tennessee on September 24, 2024. With plenty of instability and wind shear, these thunderstorms strengthened and became severe through the afternoon and evening. Damaging winds were the primary threat with numerous reports of downed trees and powerlines received. The most significant damage was reported in Ethridge where severe winds caused a tent to collapse, injuring three people. Some hail reports were received as well, but these were mostly less than one inch in diameter.",1
1207099,ROBERTSON CO.,RIDGETON,09/24/2024,1247,Thunderstorm Wind,52.00, ,0,0,10000,0,TN,CST-6,EG,195293,C,147,OHX,0,0,Emergency Manager, , , ,0.42,SW,0.42,SW,RIDGETON,09/24/2024,1247,36.3953,-86.7747,36.3953,-86.7747,"Severe thunderstorm winds downed a few powerline at the intersection of Highland Road and Obryan Avenue in Ridgetop. Damages are a rough estimate.","Thunderstorms developed ahead of a cold front that moved eastward through Middle Tennessee on September 24, 2024. With plenty of instability and wind shear, these thunderstorms strengthened and became severe through the afternoon and evening. Damaging winds were the primary threat with numerous reports of downed trees and powerlines received. The most significant damage was reported in Ethridge where severe winds caused a tent to collapse, injuring three people. Some hail reports were received as well, but these were mostly less than one inch in diameter.",2
1207112,DICKSON CO.,WHITE BLUFF,09/24/2024,1253,Thunderstorm Wind,52.00, ,0,0,10000,0,TN,CST-6,EG,195293,C,43,OHX,0,0,Social Media, , , ,4,WNW,4,WNW,WHITE BLUFF,09/24/2024,1253,36.1422,-87.2862,36.1422,-87.2862,"Severe thunderstorm winds downed trees onto powerlines near White Bluff. Damages are a rough estimate.","Thunderstorms developed ahead of a cold front that moved eastward through Middle Tennessee on September 24, 2024. With plenty of instability and wind shear, these thunderstorms strengthened and became severe through the afternoon and evening. Damaging winds were the primary threat with numerous reports of downed trees and powerlines received. The most significant damage was reported in Ethridge where severe winds caused a tent to collapse, injuring three people. Some hail reports were received as well, but these were mostly less than one inch in diameter.",3
1207114,SUMNER CO.,BETHPAGE,09/24/2024,1340,Hail,1.00, ,0,0,0,0,TN,CST-6, ,195293,C,165,OHX,0,0,Emergency Manager, , , ,0,NE,0,NE,BETHPAGE,09/24/2024,1340,36.48,-86.32,36.48,-86.32,"Estimated quarter size hail fell from a severe thunderstorm in Bethpage.","Thunderstorms developed ahead of a cold front that moved eastward through Middle Tennessee on September 24, 2024. With plenty of instability and wind shear, these thunderstorms strengthened and became severe through the afternoon and evening. Damaging winds were the primary threat with numerous reports of downed trees and powerlines received. The most significant damage was reported in Ethridge where severe winds caused a tent to collapse, injuring three people. Some hail reports were received as well, but these were mostly less than one inch in diameter.",4
1207145,DAVIDSON CO.,BELLE MEADE,09/24/2024,1340,Lightning, , ,0,0,50000,0,TN,CST-6, ,195293,C,37,OHX,0,0,State Official, , , ,1.34,SW,1.34,SW,BELLE MEADE,09/24/2024,1340,36.0888,-86.8895,36.0888,-86.8895,"Lightning struck a house on Miles Court in Belle Meade, causing a fire. Extent of damages is unknown.","Thunderstorms developed ahead of a cold front that moved eastward through Middle Tennessee on September 24, 2024. With plenty of instability and wind shear, these thunderstorms strengthened and became severe through the afternoon and evening. Damaging winds were the primary threat with numerous reports of downed trees and powerlines received. The most significant damage was reported in Ethridge where severe winds caused a tent to collapse, injuring three people. Some hail reports were received as well, but these were mostly less than one inch in diameter.",5
1207144,DAVIDSON CO.,OAK HILL,09/24/2024,1341,Lightning, , ,0,0,50000,0,TN,CST-6, ,195293,C,37,OHX,0,0,State Official, , , ,0.76,NW,0.76,NW,OAK HILL,09/24/2024,1341,36.1079,-86.8296,36.1079,-86.8296,"Lightning struck a house on Kensington Park, causing a fire. Extent of damages is unknown.","Thunderstorms developed ahead of a cold front that moved eastward through Middle Tennessee on September 24, 2024. With plenty of instability and wind shear, these thunderstorms strengthened and became severe through the afternoon and evening. Damaging winds were the primary threat with numerous reports of downed trees and powerlines received. The most significant damage was reported in Ethridge where severe winds caused a tent to collapse, injuring three people. Some hail reports were received as well, but these were mostly less than one inch in diameter.",6
1207146,DAVIDSON CO.,BELLE MEADE,09/24/2024,1344,Lightning, , ,0,0,50000,0,TN,CST-6, ,195293,C,37,OHX,0,0,State Official, , , ,1.13,S,1.13,S,BELLE MEADE,09/24/2024,1344,36.0839,-86.8661,36.0839,-86.8661,"Lightning struck a house on Belle Meade Boulevard in Belle Meade, causing a fire. Extent of damages is unknown.","Thunderstorms developed ahead of a cold front that moved eastward through Middle Tennessee on September 24, 2024. With plenty of instability and wind shear, these thunderstorms strengthened and became severe through the afternoon and evening. Damaging winds were the primary threat with numerous reports of downed trees and powerlines received. The most significant damage was reported in Ethridge where severe winds caused a tent to collapse, injuring three people. Some hail reports were received as well, but these were mostly less than one inch in diameter.",7
1207133,DAVIDSON CO.,BELLE MEADE,09/24/2024,1346,Thunderstorm Wind,52.00, ,0,0,10000,0,TN,CST-6,EG,195293,C,37,OHX,0,0,Social Media, , , ,1,S,1,S,BELLE MEADE,09/24/2024,1346,36.0855,-86.87,36.0855,-86.87,"Severe thunderstorm winds downed multiple trees in the Belle Meade area. Damages are a rough estimate.","Thunderstorms developed ahead of a cold front that moved eastward through Middle Tennessee on September 24, 2024. With plenty of instability and wind shear, these thunderstorms strengthened and became severe through the afternoon and evening. Damaging winds were the primary threat with numerous reports of downed trees and powerlines received. The most significant damage was reported in Ethridge where severe winds caused a tent to collapse, injuring three people. Some hail reports were received as well, but these were mostly less than one inch in diameter.",8
1207110,DAVIDSON CO.,PROVIDENCE,09/24/2024,1353,Thunderstorm Wind,52.00, ,0,0,1000,0,TN,CST-6,EG,195293,C,37,OHX,0,0,Social Media, , , ,2.58,W,2.58,W,PROVIDENCE,09/24/2024,1353,36.0783,-86.7662,36.0783,-86.7662,"Severe thunderstorm winds downed a tree near I-65 at Harding Place in Oak Hill. Damages are a rough estimate.","Thunderstorms developed ahead of a cold front that moved eastward through Middle Tennessee on September 24, 2024. With plenty of instability and wind shear, these thunderstorms strengthened and became severe through the afternoon and evening. Damaging winds were the primary threat with numerous reports of downed trees and powerlines received. The most significant damage was reported in Ethridge where severe winds caused a tent to collapse, injuring three people. Some hail reports were received as well, but these were mostly less than one inch in diameter.",9
1207118,DAVIDSON CO.,OAK HILL,09/24/2024,1355,Thunderstorm Wind,52.00, ,0,0,10000,0,TN,CST-6,EG,195293,C,37,OHX,0,0,Social Media, , , ,2,ESE,2,ESE,OAK HILL,09/24/2024,1355,36.0889,-86.7869,36.0889,-86.7869,"Severe thunderstorm winds downed several trees in the Crieve Hall area. Damages are a rough estimate.","Thunderstorms developed ahead of a cold front that moved eastward through Middle Tennessee on September 24, 2024. With plenty of instability and wind shear, these thunderstorms strengthened and became severe through the afternoon and evening. Damaging winds were the primary threat with numerous reports of downed trees and powerlines received. The most significant damage was reported in Ethridge where severe winds caused a tent to collapse, injuring three people. Some hail reports were received as well, but these were mostly less than one inch in diameter.",10
1207138,CLAY CO.,HERMITAGE SPGS,09/24/2024,1355,Hail,0.75, ,0,0,0,0,TN,CST-6, ,195293,C,27,OHX,0,0,Public, , , ,0.55,W,0.55,W,HERMITAGE SPGS,09/24/2024,1355,36.58,-85.78,36.58,-85.78,"Penny size hail fell northeast of Red Boiling Springs.","Thunderstorms developed ahead of a cold front that moved eastward through Middle Tennessee on September 24, 2024. With plenty of instability and wind shear, these thunderstorms strengthened and became severe through the afternoon and evening. Damaging winds were the primary threat with numerous reports of downed trees and powerlines received. The most significant damage was reported in Ethridge where severe winds caused a tent to collapse, injuring three people. Some hail reports were received as well, but these were mostly less than one inch in diameter.",11
1207119,DAVIDSON CO.,PROVIDENCE,09/24/2024,1356,Thunderstorm Wind,52.00, ,0,0,1000,0,TN,CST-6,EG,195293,C,37,OHX,0,0,Emergency Manager, , , ,1.62,NW,1.62,NW,PROVIDENCE,09/24/2024,1356,36.0976,-86.7393,36.0976,-86.7393,"Severe thunderstorm winds downed a tree on Veritas Street in Berry Hill. Damages are a rough estimate.","Thunderstorms developed ahead of a cold front that moved eastward through Middle Tennessee on September 24, 2024. With plenty of instability and wind shear, these thunderstorms strengthened and became severe through the afternoon and evening. Damaging winds were the primary threat with numerous reports of downed trees and powerlines received. The most significant damage was reported in Ethridge where severe winds caused a tent to collapse, injuring three people. Some hail reports were received as well, but these were mostly less than one inch in diameter.",12
1207121,DAVIDSON CO.,PARAGON MILL,09/24/2024,1357,Thunderstorm Wind,52.00, ,0,0,5000,0,TN,CST-6,EG,195293,C,37,OHX,0,0,Social Media, , , ,0.42,N,0.42,N,PARAGON MILL,09/24/2024,1357,36.0861,-86.6999,36.0861,-86.6999,"Severe thunderstorm winds downed a couple trees on Harding Place near I-24 in Antioch. Damages are a rough estimate.","Thunderstorms developed ahead of a cold front that moved eastward through Middle Tennessee on September 24, 2024. With plenty of instability and wind shear, these thunderstorms strengthened and became severe through the afternoon and evening. Damaging winds were the primary threat with numerous reports of downed trees and powerlines received. The most significant damage was reported in Ethridge where severe winds caused a tent to collapse, injuring three people. Some hail reports were received as well, but these were mostly less than one inch in diameter.",13
1207116,MACON CO.,LAFAYETTE,09/24/2024,1400,Thunderstorm Wind,52.00, ,0,0,10000,0,TN,CST-6,EG,195293,C,111,OHX,0,0,State Official, , , ,2,NNW,2,NNW,LAFAYETTE,09/24/2024,1400,36.5467,-86.0438,36.5467,-86.0438,"Severe thunderstorm winds downed trees in the Lafayette area. Damages are a rough estimate.","Thunderstorms developed ahead of a cold front that moved eastward through Middle Tennessee on September 24, 2024. With plenty of instability and wind shear, these thunderstorms strengthened and became severe through the afternoon and evening. Damaging winds were the primary threat with numerous reports of downed trees and powerlines received. The most significant damage was reported in Ethridge where severe winds caused a tent to collapse, injuring three people. Some hail reports were received as well, but these were mostly less than one inch in diameter.",14
1207122,DAVIDSON CO.,(BNA)NASHVILLE METRO,09/24/2024,1403,Thunderstorm Wind,60.00, ,0,0,0,0,TN,CST-6,MG,195293,C,37,OHX,0,0,ASOS, , , ,0,SE,0,SE,(BNA)NASHVILLE METRO,09/24/2024,1403,36.13,-86.68,36.13,-86.68,"The Nashville ASOS measured a 69 mph wind gust from a severe thunderstorm.","Thunderstorms developed ahead of a cold front that moved eastward through Middle Tennessee on September 24, 2024. With plenty of instability and wind shear, these thunderstorms strengthened and became severe through the afternoon and evening. Damaging winds were the primary threat with numerous reports of downed trees and powerlines received. The most significant damage was reported in Ethridge where severe winds caused a tent to collapse, injuring three people. Some hail reports were received as well, but these were mostly less than one inch in diameter.",15
1207140,DAVIDSON CO.,ANTIOCH,09/24/2024,1406,Hail,0.75, ,0,0,0,0,TN,CST-6, ,195293,C,37,OHX,0,0,Public, , , ,3,NW,3,NW,ANTIOCH,09/24/2024,1406,36.1007,-86.708,36.1007,-86.708,"Penny size hail fell in Antioch.","Thunderstorms developed ahead of a cold front that moved eastward through Middle Tennessee on September 24, 2024. With plenty of instability and wind shear, these thunderstorms strengthened and became severe through the afternoon and evening. Damaging winds were the primary threat with numerous reports of downed trees and powerlines received. The most significant damage was reported in Ethridge where severe winds caused a tent to collapse, injuring three people. Some hail reports were received as well, but these were mostly less than one inch in diameter.",16
1207135,LAWRENCE CO.,GUM SPGS,09/24/2024,1410,Thunderstorm Wind,43.00, ,0,0,1000,0,TN,CST-6,EG,195293,C,99,OHX,0,0,Emergency Manager, , , ,1.93,NNW,1.93,NNW,GUM SPGS,09/24/2024,1410,35.2266,-87.3108,35.2266,-87.3108,"A tree was blown down along Fall River Road in Lawrenceburg. Damages are a rough estimate.","Thunderstorms developed ahead of a cold front that moved eastward through Middle Tennessee on September 24, 2024. With plenty of instability and wind shear, these thunderstorms strengthened and became severe through the afternoon and evening. Damaging winds were the primary threat with numerous reports of downed trees and powerlines received. The most significant damage was reported in Ethridge where severe winds caused a tent to collapse, injuring three people. Some hail reports were received as well, but these were mostly less than one inch in diameter.",17
1207136,MAURY CO.,COLUMBIA,09/24/2024,1410,Thunderstorm Wind,43.00, ,0,0,5000,0,TN,CST-6,EG,195293,C,119,OHX,0,0,Social Media, , , ,5,SSW,5,SSW,COLUMBIA,09/24/2024,1410,35.5531,-87.0841,35.5531,-87.0841,"Strong winds from a thunderstorm caused a power pole to lean near Columbia. Damages are a rough estimate.","Thunderstorms developed ahead of a cold front that moved eastward through Middle Tennessee on September 24, 2024. With plenty of instability and wind shear, these thunderstorms strengthened and became severe through the afternoon and evening. Damaging winds were the primary threat with numerous reports of downed trees and powerlines received. The most significant damage was reported in Ethridge where severe winds caused a tent to collapse, injuring three people. Some hail reports were received as well, but these were mostly less than one inch in diameter.",18
1207124,WILSON CO.,SUGGS CREEK,09/24/2024,1413,Thunderstorm Wind,52.00, ,0,0,1000,0,TN,CST-6,EG,195293,C,189,OHX,0,0,Social Media, , , ,1.16,NE,1.16,NE,SUGGS CREEK,09/24/2024,1413,36.13,-86.4833,36.13,-86.4833,"Severe thunderstorm winds downed a tree over Logue Road in Rural Hill. Damages are a rough estimate.","Thunderstorms developed ahead of a cold front that moved eastward through Middle Tennessee on September 24, 2024. With plenty of instability and wind shear, these thunderstorms strengthened and became severe through the afternoon and evening. Damaging winds were the primary threat with numerous reports of downed trees and powerlines received. The most significant damage was reported in Ethridge where severe winds caused a tent to collapse, injuring three people. Some hail reports were received as well, but these were mostly less than one inch in diameter.",19
1207128,MACON CO.,SMITHS CHAPEL,09/24/2024,1415,Thunderstorm Wind,52.00, ,0,0,5000,0,TN,CST-6,EG,195293,C,111,OHX,0,0,State Official, , , ,0.51,SW,0.51,SW,SMITHS CHAPEL,09/24/2024,1415,36.5442,-85.8355,36.5442,-85.8355,"Severe thunderstorm winds downed trees in the Red Boiling Springs area. Damages are a rough estimate.","Thunderstorms developed ahead of a cold front that moved eastward through Middle Tennessee on September 24, 2024. With plenty of instability and wind shear, these thunderstorms strengthened and became severe through the afternoon and evening. Damaging winds were the primary threat with numerous reports of downed trees and powerlines received. The most significant damage was reported in Ethridge where severe winds caused a tent to collapse, injuring three people. Some hail reports were received as well, but these were mostly less than one inch in diameter.",20
1207137,WILLIAMSON CO.,FRANKLIN,09/24/2024,1436,Hail,0.88, ,0,0,0,0,TN,CST-6, ,195293,C,187,OHX,0,0,Social Media, , , ,3,NE,3,NE,FRANKLIN,09/24/2024,1436,35.9507,-86.8621,35.9507,-86.8621,"Nickel size hail fell in the Cool Spring area.","Thunderstorms developed ahead of a cold front that moved eastward through Middle Tennessee on September 24, 2024. With plenty of instability and wind shear, these thunderstorms strengthened and became severe through the afternoon and evening. Damaging winds were the primary threat with numerous reports of downed trees and powerlines received. The most significant damage was reported in Ethridge where severe winds caused a tent to collapse, injuring three people. Some hail reports were received as well, but these were mostly less than one inch in diameter.",21
1207129,JACKSON CO.,GAINESBORO,09/24/2024,1510,Thunderstorm Wind,52.00, ,0,0,5000,0,TN,CST-6,EG,195293,C,87,OHX,0,0,Emergency Manager, , , ,9,W,9,W,GAINESBORO,09/24/2024,1510,36.35,-85.8117,36.35,-85.8117,"Severe thunderstorm winds downed a few trees in the Gladdice area. Damages are a rough estimate.","Thunderstorms developed ahead of a cold front that moved eastward through Middle Tennessee on September 24, 2024. With plenty of instability and wind shear, these thunderstorms strengthened and became severe through the afternoon and evening. Damaging winds were the primary threat with numerous reports of downed trees and powerlines received. The most significant damage was reported in Ethridge where severe winds caused a tent to collapse, injuring three people. Some hail reports were received as well, but these were mostly less than one inch in diameter.",22
1207141,LAWRENCE CO.,ETHRIDGE,09/24/2024,1524,Thunderstorm Wind,50.00, ,0,3,25000,0,TN,CST-6,EG,195293,C,99,OHX,0,0,Emergency Manager, , , ,1,S,1,S,ETHRIDGE,09/24/2024,1524,35.3055,-87.32,35.3055,-87.32,"Severe thunderstorm winds downed powerlines and trees and blew roofs off of a few structures in Ethridge. A tent also collapsed due to the wind, leading to 3 injuries. Damages are a rough estimate.","Thunderstorms developed ahead of a cold front that moved eastward through Middle Tennessee on September 24, 2024. With plenty of instability and wind shear, these thunderstorms strengthened and became severe through the afternoon and evening. Damaging winds were the primary threat with numerous reports of downed trees and powerlines received. The most significant damage was reported in Ethridge where severe winds caused a tent to collapse, injuring three people. Some hail reports were received as well, but these were mostly less than one inch in diameter.",23
1207130,OVERTON CO.,HARDY,09/24/2024,1550,Thunderstorm Wind,52.00, ,0,0,1000,0,TN,CST-6,EG,195293,C,133,OHX,0,0,Emergency Manager, , , ,2.07,S,2.07,S,HARDY,09/24/2024,1550,36.29,-85.43,36.29,-85.43,"Severe thunderstorm winds downed a tree north of Algood. Damages are a rough estimate.","Thunderstorms developed ahead of a cold front that moved eastward through Middle Tennessee on September 24, 2024. With plenty of instability and wind shear, these thunderstorms strengthened and became severe through the afternoon and evening. Damaging winds were the primary threat with numerous reports of downed trees and powerlines received. The most significant damage was reported in Ethridge where severe winds caused a tent to collapse, injuring three people. Some hail reports were received as well, but these were mostly less than one inch in diameter.",24
1207132,OVERTON CO.,LIVINGSTON,09/24/2024,1555,Thunderstorm Wind,52.00, ,0,0,5000,0,TN,CST-6,EG,195293,C,133,OHX,0,0,Emergency Manager, , , ,6,NNW,6,NNW,LIVINGSTON,09/24/2024,1555,36.4602,-85.3613,36.4602,-85.3613,"Severe thunderstorm winds downed trees north-northwest of Livingston. Damages are a rough estimate.","Thunderstorms developed ahead of a cold front that moved eastward through Middle Tennessee on September 24, 2024. With plenty of instability and wind shear, these thunderstorms strengthened and became severe through the afternoon and evening. Damaging winds were the primary threat with numerous reports of downed trees and powerlines received. The most significant damage was reported in Ethridge where severe winds caused a tent to collapse, injuring three people. Some hail reports were received as well, but these were mostly less than one inch in diameter.",25
1211458,HANCOCK CO.,LEAMAN,09/24/2024,1720,Tornado, ,EF1,0,0,0,0,TN,EST-5, ,195883,C,67,MRX,0,0,NWS Storm Survey, ,5.98,250,1.22,NW,1.01,SE,KYLES FORD,09/24/2024,1725,36.5432,-83.1447,36.5585,-83.0387,"The tornado first began near the intersection of Highway 33 and Jimmie Roberts Road, where branches were snapped and some metal roofing pieces were found in a field. The twister continued along the Clinch River and Alder Road, where numerous tree trunks were snapped, and a few trees were uprooted. The tornado lifted near the intersection of Chestnut Ridge Road and Highway 70.","An upper level low pressure system, coupled with an unstable atmosphere, allowed for scattered thunderstorms. Of these, one isolated supercell produced a couple instances of severe weather, including the first recorded September tornado in East Tennessee history.",26
1211457,SULLIVAN CO.,EAST KINGSPORT,09/24/2024,1842,Hail,1.00, ,0,0,0,0,TN,EST-5, ,195883,C,163,MRX,0,0,Public, , , ,0.89,NE,0.89,NE,EAST KINGSPORT,09/24/2024,1842,36.58,-82.51,36.58,-82.51,"Concurrent to a public report of one inch hail, a trained spotter reported a measured 55 mph wind gust along with small to medium broken tree branches. Both events occurred in Bloomingdale.","An upper level low pressure system, coupled with an unstable atmosphere, allowed for scattered thunderstorms. Of these, one isolated supercell produced a couple instances of severe weather, including the first recorded September tornado in East Tennessee history.",27
1211459,SULLIVAN CO.,BLOUNTVILLE,09/24/2024,1905,Thunderstorm Wind,52.00, ,0,0,0,0,TN,EST-5,EG,195883,C,163,MRX,0,0,911 Call Center, , , ,0,N,0,N,BLOUNTVILLE,09/24/2024,1905,36.53,-82.33,36.53,-82.33,"Four trees were blown down by severe thunderstorm straight line winds in Blountville.","An upper level low pressure system, coupled with an unstable atmosphere, allowed for scattered thunderstorms. Of these, one isolated supercell produced a couple instances of severe weather, including the first recorded September tornado in East Tennessee history.",28
1211460,SULLIVAN CO.,LEONARD,09/24/2024,1912,Thunderstorm Wind,52.00, ,0,0,0,0,TN,EST-5,EG,195883,C,163,MRX,0,0,911 Call Center, , , ,2.22,W,2.22,W,LEONARD,09/24/2024,1912,36.58,-82.32,36.58,-82.32,"A power pole was broken by severe thunderstorm straight line winds near Highway 11W and Seneker Lane.","An upper level low pressure system, coupled with an unstable atmosphere, allowed for scattered thunderstorms. Of these, one isolated supercell produced a couple instances of severe weather, including the first recorded September tornado in East Tennessee history.",29
1218439,BLOUNT CO.,TOWNSEND,09/25/2024,1315,Flash Flood, , ,0,0,0,0,TN,EST-5, ,195887,C,9,MRX,0,0,Public,Heavy Rain, , ,1,N,2,W,TOWNSEND,09/25/2024,1430,35.6845,-83.77,35.67,-83.7967,"Minor flooding of roads around Townsend.","Tropical Storm Helene caps off a several day heavy rainfall event in association with a stalled closed upper low that drew a stream of tropical moisture into the area on the 25th and 26th. The arrival of Helene on the 27th yielded catastrophic flash flooding and river flooding, as well as significant wind damage as wet soils and strong wind gusts led to forest damage.",30
1218443,SEVIER CO.,WALDEN CREEK,09/25/2024,1414,Flash Flood, , ,0,0,0,0,TN,EST-5, ,195887,C,155,MRX,0,0,Emergency Manager,Heavy Rain, , ,2,WSW,1.5,N,WALDEN CREEK,09/25/2024,1530,35.7689,-83.663,35.7909,-83.63,"Roads closed along Waldens Creek at Old Valley Road and Waldens Creek Road.","Tropical Storm Helene caps off a several day heavy rainfall event in association with a stalled closed upper low that drew a stream of tropical moisture into the area on the 25th and 26th. The arrival of Helene on the 27th yielded catastrophic flash flooding and river flooding, as well as significant wind damage as wet soils and strong wind gusts led to forest damage.",31
1218440,GREENE CO.,GREENEVILLE ARPT,09/25/2024,1425,Flash Flood, , ,0,0,0,0,TN,EST-5, ,195887,C,59,MRX,0,0,Law Enforcement,Heavy Rain, , ,0.56,W,1.5,WNW,GREENEVILLE,09/25/2024,1600,36.18,-82.83,36.1714,-82.8341,"Several roadways closed due to flooding on the northwest side of Greeneville.","Tropical Storm Helene caps off a several day heavy rainfall event in association with a stalled closed upper low that drew a stream of tropical moisture into the area on the 25th and 26th. The arrival of Helene on the 27th yielded catastrophic flash flooding and river flooding, as well as significant wind damage as wet soils and strong wind gusts led to forest damage.",32
1218441,SEVIER CO.,PITTMAN CENTER,09/25/2024,1603,Flash Flood, , ,0,0,0,0,TN,EST-5, ,195887,C,155,MRX,0,0,Law Enforcement,Heavy Rain, , ,1.5,E,2,E,RICHARDSON COVE,09/25/2024,1800,35.77,-83.3732,35.82,-83.3765,"Several roads closed by flooding in the vicinity of Pittman Center.","Tropical Storm Helene caps off a several day heavy rainfall event in association with a stalled closed upper low that drew a stream of tropical moisture into the area on the 25th and 26th. The arrival of Helene on the 27th yielded catastrophic flash flooding and river flooding, as well as significant wind damage as wet soils and strong wind gusts led to forest damage.",33
1218446,GREENE CO.,GREENEVILLE,09/25/2024,1911,Flash Flood, , ,0,0,0,0,TN,EST-5, ,195887,C,59,MRX,0,0,Law Enforcement,Heavy Rain, , ,5,ESE,5,NE,GREENEVILLE,09/25/2024,2030,36.1423,-82.7472,36.2416,-82.7412,"Several roadways remain closed due to flooding in Greene County.","Tropical Storm Helene caps off a several day heavy rainfall event in association with a stalled closed upper low that drew a stream of tropical moisture into the area on the 25th and 26th. The arrival of Helene on the 27th yielded catastrophic flash flooding and river flooding, as well as significant wind damage as wet soils and strong wind gusts led to forest damage.",34
1218452,SEVIER CO.,PIGEON FORGE,09/25/2024,1912,Flash Flood, , ,0,0,0,0,TN,EST-5, ,195887,C,155,MRX,0,0,Law Enforcement,Heavy Rain, , ,8,N,8,NW,PIGEON FORGE,09/25/2024,2200,35.8958,-83.55,35.8619,-83.651,"Several roadways were flooded across Sevier county, with some road closures, including Ridge Road near Sevier Solid Waste.","Tropical Storm Helene caps off a several day heavy rainfall event in association with a stalled closed upper low that drew a stream of tropical moisture into the area on the 25th and 26th. The arrival of Helene on the 27th yielded catastrophic flash flooding and river flooding, as well as significant wind damage as wet soils and strong wind gusts led to forest damage.",35
1218454,JOHNSON CO.,MOUNTAIN CITY,09/25/2024,2016,Flash Flood, , ,0,0,0,0,TN,EST-5, ,195887,C,91,MRX,0,0,Law Enforcement,Heavy Rain, , ,7,SW,8,E,NEVA,09/26/2024,100,36.4084,-81.8891,36.4,-81.8161,"Several roadways remain flooded across Johnson County, and a few roads were washed out. Several people needed rescue due to the flooding and washouts.","Tropical Storm Helene caps off a several day heavy rainfall event in association with a stalled closed upper low that drew a stream of tropical moisture into the area on the 25th and 26th. The arrival of Helene on the 27th yielded catastrophic flash flooding and river flooding, as well as significant wind damage as wet soils and strong wind gusts led to forest damage.",36
1218459,SEVIER CO.,RICHARDSON COVE,09/26/2024,747,Debris Flow, , ,0,0,0,0,TN,EST-5, ,195887,C,155,MRX,0,0,Emergency Manager,Heavy Rain, , ,2,WSW,2.5,N,OLDHAM,09/26/2024,750,35.8089,-83.463,35.8091,-83.48,"Partial road collapse at the corner of Legacy Vista Drive and Peach Orchard Road. One lane was still open, but closure was possible.","Tropical Storm Helene caps off a several day heavy rainfall event in association with a stalled closed upper low that drew a stream of tropical moisture into the area on the 25th and 26th. The arrival of Helene on the 27th yielded catastrophic flash flooding and river flooding, as well as significant wind damage as wet soils and strong wind gusts led to forest damage.",37
1218455,SEVIER CO.,GATLINBURG,09/26/2024,900,Flash Flood, , ,0,0,0,0,TN,EST-5, ,195887,C,155,MRX,0,0,Emergency Manager,Heavy Rain, , ,3,SE,6,E,PIGEON FORGE,09/26/2024,1300,35.6893,-83.4822,35.78,-83.443,"Numerous road closures across much of Sevier county, including a foot and a half of water over a portion of Whites School Road.","Tropical Storm Helene caps off a several day heavy rainfall event in association with a stalled closed upper low that drew a stream of tropical moisture into the area on the 25th and 26th. The arrival of Helene on the 27th yielded catastrophic flash flooding and river flooding, as well as significant wind damage as wet soils and strong wind gusts led to forest damage.",38
1218460,HAWKINS CO.,BULLS GAP,09/26/2024,1200,Flood, , ,0,0,0,0,TN,EST-5, ,195887,C,73,MRX,0,0,911 Call Center,Heavy Rain, , ,0.69,N,1,NNW,BULLS GAP,09/26/2024,1400,36.26,-83.08,36.2767,-83.0937,"Several roads closed due to flooding around Bulls Gap, including portions of McCollough Cemetery Road and Bulls Gap St. Clair Road.","Tropical Storm Helene caps off a several day heavy rainfall event in association with a stalled closed upper low that drew a stream of tropical moisture into the area on the 25th and 26th. The arrival of Helene on the 27th yielded catastrophic flash flooding and river flooding, as well as significant wind damage as wet soils and strong wind gusts led to forest damage.",39
1218512,SULLIVAN CO.,BLOUNTVILLE,09/26/2024,1204,Flood, , ,0,0,0,0,TN,EST-5, ,195887,C,163,MRX,0,0,Trained Spotter,Heavy Rain, , ,5,WNW,5,E,KINGSPORT,09/26/2024,1430,36.5577,-82.4132,36.55,-82.523,"Flooding observed between Kingsport and Blountville, as creeks were flooding yards and roadways.","Tropical Storm Helene caps off a several day heavy rainfall event in association with a stalled closed upper low that drew a stream of tropical moisture into the area on the 25th and 26th. The arrival of Helene on the 27th yielded catastrophic flash flooding and river flooding, as well as significant wind damage as wet soils and strong wind gusts led to forest damage.",40
1218513,GREENE CO.,GREENEVILLE,09/26/2024,1359,Flood, , ,0,0,0,0,TN,EST-5, ,195887,C,59,MRX,0,0,Trained Spotter,Heavy Rain, , ,1,W,1.5,E,GREENEVILLE,09/26/2024,1500,36.17,-82.8479,36.17,-82.821,"Flooding washed out a bridge near Greenville.","Tropical Storm Helene caps off a several day heavy rainfall event in association with a stalled closed upper low that drew a stream of tropical moisture into the area on the 25th and 26th. The arrival of Helene on the 27th yielded catastrophic flash flooding and river flooding, as well as significant wind damage as wet soils and strong wind gusts led to forest damage.",41
1218011,UNICOI (ZONE), ,09/27/2024,300,High Wind,78.00, ,0,0,0,5250000,TN,EST-5,EG,195887,Z,45,MRX,0,0,Public, , , , , , , , ,09/27/2024,1100, , , , ,"A severe and prolonged high wind event from Helene's elevated winds led to catastrophic wind damage to the forests in Unicoi County, primarily at or near ridge top. A video taken by a member of the public showed extreme devastation along Unaka Mountain Wilderness Area and Stamping Ground Ridge near Highway 107. Hundreds to thousands of trees along the top of this mountain range, particularly the east facing slopes, were felled by the high winds, resulting in dozens of miles of mountain trail closures. Additionally two large trees were felled by wind gusts at a campground in the city of Unicoi. A press release with US Forest Service noted that USFS received a $5.25 million relief grant to repair damages within Cherokee National Forest in Tennessee across several Tennessee counties.","Tropical Storm Helene caps off a several day heavy rainfall event in association with a stalled closed upper low that drew a stream of tropical moisture into the area on the 25th and 26th. The arrival of Helene on the 27th yielded catastrophic flash flooding and river flooding, as well as significant wind damage as wet soils and strong wind gusts led to forest damage.",42
1218013,WASHINGTON (ZONE), ,09/27/2024,400,High Wind,52.00, ,0,0,0,0,TN,EST-5,MG,195887,Z,44,MRX,0,0,Mesonet, , , , , , , , ,09/27/2024,1100, , , , ,"At 10:16 AM LST, the UNIT1 Watauga RAWS station recorded a 60 mph measured peak gust during Helene's passage. Additionally, multiple large trees were felled by high winds throughout the county, including all over Johnson City.","Tropical Storm Helene caps off a several day heavy rainfall event in association with a stalled closed upper low that drew a stream of tropical moisture into the area on the 25th and 26th. The arrival of Helene on the 27th yielded catastrophic flash flooding and river flooding, as well as significant wind damage as wet soils and strong wind gusts led to forest damage.",43
1218022,NORTHWEST COCKE (ZONE), ,09/27/2024,400,High Wind,61.00, ,0,0,0,0,TN,EST-5,EG,195887,Z,40,MRX,0,0,Utility Company, , , , , , , , ,09/27/2024,1100, , , , ,"Numerous trees were felled by Helene's prolonged high wind event, causing over 4,000 customers to be without power at the height of the storm per the local utility company.","Tropical Storm Helene caps off a several day heavy rainfall event in association with a stalled closed upper low that drew a stream of tropical moisture into the area on the 25th and 26th. The arrival of Helene on the 27th yielded catastrophic flash flooding and river flooding, as well as significant wind damage as wet soils and strong wind gusts led to forest damage.",44
1218020,CLAIBORNE (ZONE), ,09/27/2024,400,High Wind,61.00, ,0,0,0,0,TN,EST-5,EG,195887,Z,14,MRX,0,0,Utility Company, , , , , , , , ,09/27/2024,1100, , , , ,"A prolonged wind event from Helene combined with extremely saturated soils led to widespread trees blown down across Claiborne County, resulting in severe damage to the local utility electric grid, with a couple hundred service calls to address downed trees, snapped electric poles, and damaged powerlines across the county.","Tropical Storm Helene caps off a several day heavy rainfall event in association with a stalled closed upper low that drew a stream of tropical moisture into the area on the 25th and 26th. The arrival of Helene on the 27th yielded catastrophic flash flooding and river flooding, as well as significant wind damage as wet soils and strong wind gusts led to forest damage.",45
1218018,JOHNSON (ZONE), ,09/27/2024,400,High Wind,70.00, ,0,0,0,0,TN,EST-5,EG,195887,Z,18,MRX,0,0,Social Media, , , , , , , , ,09/27/2024,1100, , , , ,"Hundreds of trees were felled by high winds from Helene during a prolonged severe wind event, with thousands of power outages reported by the local utility company and reports on Facebook. Power outages persisted in rural locations for at least three weeks after the storm. Social media photos near Trade, TN featured dozens of trees felled along mountain slopes behind rural homes, along with wind damage to at least one car port.","Tropical Storm Helene caps off a several day heavy rainfall event in association with a stalled closed upper low that drew a stream of tropical moisture into the area on the 25th and 26th. The arrival of Helene on the 27th yielded catastrophic flash flooding and river flooding, as well as significant wind damage as wet soils and strong wind gusts led to forest damage.",46
1218016,NORTHWEST GREENE (ZONE), ,09/27/2024,400,High Wind,61.00, ,0,0,0,0,TN,EST-5,EG,195887,Z,42,MRX,0,0,Public, , , , , , , , ,09/27/2024,1100, , , , ,"Several trees were felled by high wind gusts from Helene in the Camp Creek area.","Tropical Storm Helene caps off a several day heavy rainfall event in association with a stalled closed upper low that drew a stream of tropical moisture into the area on the 25th and 26th. The arrival of Helene on the 27th yielded catastrophic flash flooding and river flooding, as well as significant wind damage as wet soils and strong wind gusts led to forest damage.",47
1218014,SOUTHEAST CARTER (ZONE), ,09/27/2024,400,High Wind,87.00, ,0,0,0,0,TN,EST-5,EG,195887,Z,47,MRX,0,0,Storm Chaser, , , , , , , , ,09/27/2024,1200, , , , ,"Winds estimated up to 100 mph likely occurred due to Helene's passage at the top of Roan Mountain to Carver's Gap, where extreme forest devastation was noted by a storm chaser and other Appalachian Trail local hikers. Hundreds of wind-resistant firs were felled around 6,000 feet in elevation, with videos and pictures showing snapped, leaning, or completely uprooted trees along the trail and in the distance for hundreds of yards each direction on the AT trail and off the trail.","Tropical Storm Helene caps off a several day heavy rainfall event in association with a stalled closed upper low that drew a stream of tropical moisture into the area on the 25th and 26th. The arrival of Helene on the 27th yielded catastrophic flash flooding and river flooding, as well as significant wind damage as wet soils and strong wind gusts led to forest damage.",48
1218021,COCKE/SMOKY MOUNTAINS (ZONE), ,09/27/2024,420,High Wind,51.00, ,0,0,0,0,TN,EST-5,MG,195887,Z,41,MRX,0,0,Mesonet, , , , , , , , ,09/27/2024,420, , , , ,"A 59 mph measured wind gust was recorded at the UMC Sterchi Lodge weather station at the Tennessee North Carolina state line at an elevation of 4,400 feet. US Forest Service closed trails within Cherokee National Forest due to hundreds of trees felled by the storm's prolonged wind event.","Tropical Storm Helene caps off a several day heavy rainfall event in association with a stalled closed upper low that drew a stream of tropical moisture into the area on the 25th and 26th. The arrival of Helene on the 27th yielded catastrophic flash flooding and river flooding, as well as significant wind damage as wet soils and strong wind gusts led to forest damage.",49
1218838,COCKE CO.,HARTFORD,09/27/2024,530,Flood, , ,0,0,24300,0,TN,EST-5, ,195887,C,29,MRX,0,0,Emergency Manager,Heavy Rain / Tropical System, , ,1,N,4,NE,NEWPORT,09/28/2024,430,35.8345,-83.15,35.9705,-83.1547,"The river gauge on the Pigeon River at Newport exceeded the 12 foot major flood stage at 5:30 am EST on the 27th. (This stage is not unusual, and has happened over a dozen times in the 2000s.) However, the gauge remained above major flood stage for 23 hours, cresting at 29.57 feet at 5:07 pm EST on the 27th, more than 6 feet above the previous record crest that stood for over 120 years. As the flood wave moved down from the state line, it destroyed portions of I-40 and a popular rafting venue. A river gauge near Hartford was destroyed, and flooding in Hartford occurred. Structures and agricultural land near Edwina were ruined. Numerous structures in and around the river in the vicinity of Newport were destroyed or damaged. Substantial and damaging flooding occurred in downtown Newport. All damages for Cocke County (which suffered two other river floods elsewhere) will be included in this entry. Rumors during the afternoon of the 27th that Walters Dam had failed were false, but its power station outside of Hartford had to be evacuated due to the excessive river flooding.","Tropical Storm Helene caps off a several day heavy rainfall event in association with a stalled closed upper low that drew a stream of tropical moisture into the area on the 25th and 26th. The arrival of Helene on the 27th yielded catastrophic flash flooding and river flooding, as well as significant wind damage as wet soils and strong wind gusts led to forest damage.",50
1217983,SULLIVAN (ZONE), ,09/27/2024,635,High Wind,70.00, ,0,1,0,0,TN,EST-5,EG,195887,Z,17,MRX,0,0,911 Call Center, , , , , , , , ,09/27/2024,1045, , , , ,"A severe prolonged non-thunderstorm wind event from Helene wrecked havoc across Sullivan County, with dispatch noting an early estimate of a thousand trees being felled by winds that were up to an estimated 80 mph, primarily at higher elevations. In addition, reports from the public including trained spotters noted trees fallen on roads, powerlines, and houses, along with damage to city light posts in Blountville, and sign damage in Bristol. County emergency manager reported one vehicle rescue due to a downed tree, and power outages affecting approximately 2,000 residents. Peak wind gust measured at Tri-Cities Regional Airport was 45 mph at 10:49 AM LST.","Tropical Storm Helene caps off a several day heavy rainfall event in association with a stalled closed upper low that drew a stream of tropical moisture into the area on the 25th and 26th. The arrival of Helene on the 27th yielded catastrophic flash flooding and river flooding, as well as significant wind damage as wet soils and strong wind gusts led to forest damage.",51
1218023,CAMPBELL (ZONE), ,09/27/2024,700,High Wind,52.00, ,0,0,0,0,TN,EST-5,EG,195887,Z,13,MRX,0,0,Utility Company, , , , , , , , ,09/27/2024,1100, , , , ,"Several thousand utility customers lost power across Campbell County as the prolonged wind event from Helene brought down trees and powerlines across the county.","Tropical Storm Helene caps off a several day heavy rainfall event in association with a stalled closed upper low that drew a stream of tropical moisture into the area on the 25th and 26th. The arrival of Helene on the 27th yielded catastrophic flash flooding and river flooding, as well as significant wind damage as wet soils and strong wind gusts led to forest damage.",52
1217989,HAWKINS (ZONE), ,09/27/2024,715,High Wind,61.00, ,0,0,0,0,TN,EST-5,EG,195887,Z,16,MRX,0,0,Trained Spotter, , , , , , , , ,09/27/2024,1010, , , , ,"Trees were felled or snapped by high, prolonged winds from Helene across Hawkins County, including several in the Rogersville area, Church Hill, Mount Carmel, and onto 11W and other area roadways. Additionally, the county emergency manager reported several hundred calls for service from wind damage to both trees and powerlines across the county through the storm.","Tropical Storm Helene caps off a several day heavy rainfall event in association with a stalled closed upper low that drew a stream of tropical moisture into the area on the 25th and 26th. The arrival of Helene on the 27th yielded catastrophic flash flooding and river flooding, as well as significant wind damage as wet soils and strong wind gusts led to forest damage.",53
1218008,HANCOCK (ZONE), ,09/27/2024,715,High Wind,52.00, ,0,0,0,0,TN,EST-5,EG,195887,Z,15,MRX,0,0,Utility Company, , , , , , , , ,09/27/2024,715, , , , ,"Scattered trees were blown down by Helene's winds across the county, resulting in power outages affecting at least one-quarter of the county residents. Additionally, one large tree was felled in the backyard of a private residence in Sneedville, TN.","Tropical Storm Helene caps off a several day heavy rainfall event in association with a stalled closed upper low that drew a stream of tropical moisture into the area on the 25th and 26th. The arrival of Helene on the 27th yielded catastrophic flash flooding and river flooding, as well as significant wind damage as wet soils and strong wind gusts led to forest damage.",54
1218009,JEFFERSON (ZONE), ,09/27/2024,740,High Wind,61.00, ,0,0,0,0,TN,EST-5,EG,195887,Z,70,MRX,0,0,NWS Employee, , , , , , , , ,09/27/2024,1240, , , , ,"Multiple trees felled or snapped from a prolonged high wind event from Helene. Trees damaged powerlines across the county, leading to 5,000 customers without power. Elsewhere trees blocked roads, and a NWS employee reported a barn had its roof peeled off by the high winds in Talbott.","Tropical Storm Helene caps off a several day heavy rainfall event in association with a stalled closed upper low that drew a stream of tropical moisture into the area on the 25th and 26th. The arrival of Helene on the 27th yielded catastrophic flash flooding and river flooding, as well as significant wind damage as wet soils and strong wind gusts led to forest damage.",55
1218675,UNICOI CO.,ERWIN,09/27/2024,800,Flash Flood, , ,9,0,9800000,0,TN,EST-5, ,195887,C,171,MRX,0,0,Law Enforcement,Heavy Rain / Tropical System, , ,0,NNW,1.49,N,UNICOI,09/28/2024,600,36.15,-82.42,36.2,-82.35,"Flooding along portions of Hwy 19 was reported at 8:00 am EST. Reports from spotters, social media, broadcast media, and county officials increased through the day, including flooded roadways at 8:51 am EST. Flooding of the Nolichucky River at the Jackson Love Hwy bridge area was noted at 9:32 am EST. Flooding of the grounds around Unicoi Hospital was happening around 10:00 am EST, when a berm was overtopped or breached. The hospital structure was taking water by 11:00 am EST, and evacuation by ground had become unsafe. Occupants were taken to the roof, but winds prevented air rescue while rapidly rising and turbulent river flooding prevented water rescue. The hospital was surrounded and inundated by waters at least 7 feet deep by 12:45 pm EST. Flood waters inundated numerous nearby properties and structures including a church, wrecked nearby portions of I-26, and caused significant damage to factories along the river downstream. Hospital occupants were at last rescued by helicopter in the afternoon. Nine known fatalities found in the county; the final three in the list were North Carolina residents, and it is unknown if they were in Unicoi county when they perished or if they were swept in from North Carolina. Most of the deaths were workers swept from a factory parking lot. Flooding impacts continued across the county through the night.","Tropical Storm Helene caps off a several day heavy rainfall event in association with a stalled closed upper low that drew a stream of tropical moisture into the area on the 25th and 26th. The arrival of Helene on the 27th yielded catastrophic flash flooding and river flooding, as well as significant wind damage as wet soils and strong wind gusts led to forest damage.",56
1218519,SEQUATCHIE CO.,DUNLAP,09/27/2024,806,Flash Flood, , ,0,0,0,0,TN,CST-6, ,195887,C,153,MRX,0,0,911 Call Center,Heavy Rain / Tropical System, , ,2,N,1.5,W,DUNLAP,09/27/2024,1000,35.409,-85.38,35.38,-85.4066,"Flooding of several roadways.","Tropical Storm Helene caps off a several day heavy rainfall event in association with a stalled closed upper low that drew a stream of tropical moisture into the area on the 25th and 26th. The arrival of Helene on the 27th yielded catastrophic flash flooding and river flooding, as well as significant wind damage as wet soils and strong wind gusts led to forest damage.",57
1217984,HAMBLEN (ZONE), ,09/27/2024,810,High Wind,61.00, ,0,0,0,0,TN,EST-5,EG,195887,Z,39,MRX,0,0,NWS Employee, , , , , , , , ,09/27/2024,810, , , , ,"A high wind event from Helene felled roughly 100 trees within Panther Creek State Park, leading to multiple trail closures. A few swaths of trees down were observed, with one swath estimated to be over 100 yards long. At 8:10 AM LST, a 52 mph wind gust was measured at Morristown Airport, matching time when the western half of the city lost power, including the Morristown WFO. At 9:05 AM LST, Hamblen County headquarters measured a 45 mph wind gust. Most of Panther Creek Park's wind damage occurred at higher elevations within the park.","Tropical Storm Helene caps off a several day heavy rainfall event in association with a stalled closed upper low that drew a stream of tropical moisture into the area on the 25th and 26th. The arrival of Helene on the 27th yielded catastrophic flash flooding and river flooding, as well as significant wind damage as wet soils and strong wind gusts led to forest damage.",58
1218012,KNOX (ZONE), ,09/27/2024,810,High Wind,52.00, ,0,0,0,0,TN,EST-5,EG,195887,Z,69,MRX,0,1,911 Call Center, , , , , , , , ,09/27/2024,1530, , , , ,"Approximately 100 calls were logged by the Knox 911 dispatch for fallen trees during the Helene high wind event. This resulted in numerous trees blocking roads, downing powerlines, and causing thousands of power outages across the county. Several trees were reported down on Warrior Trail as well. A peak wind gust of 49 mph was measured by Knoxville McGhee Tyson Airport at 3:32 PM LST.","Tropical Storm Helene caps off a several day heavy rainfall event in association with a stalled closed upper low that drew a stream of tropical moisture into the area on the 25th and 26th. The arrival of Helene on the 27th yielded catastrophic flash flooding and river flooding, as well as significant wind damage as wet soils and strong wind gusts led to forest damage.",59
1218019,GRAINGER (ZONE), ,09/27/2024,810,High Wind,52.00, ,0,0,0,0,TN,EST-5,EG,195887,Z,38,MRX,0,0,Newspaper, , , , , , , , ,09/27/2024,810, , , , ,"A Facebook report and picture of a two foot diameter, 70 foot tall pine tree uprooted by Helene's winds near Bean Station, TN. A local county newspaper reported 45 electric utility poles and transformers were damaged by the prolonged windstorm, along with over 4500 customers without power. Trees felled by the winds were reported across the county, with some reported damage to homes and outbuildings.","Tropical Storm Helene caps off a several day heavy rainfall event in association with a stalled closed upper low that drew a stream of tropical moisture into the area on the 25th and 26th. The arrival of Helene on the 27th yielded catastrophic flash flooding and river flooding, as well as significant wind damage as wet soils and strong wind gusts led to forest damage.",60
1218673,CARTER CO.,ROAN MTN,09/27/2024,815,Flash Flood, , ,0,0,0,0,TN,EST-5, ,195887,C,19,MRX,0,0,911 Call Center,Heavy Rain / Tropical System, , ,5,SSE,5,NE,ROAN MTN,09/28/2024,600,36.1331,-82.0357,36.2819,-81.9685,"Streams were reaching the base of bridges in the area and homes in low lying areas were being evacuated at 8:15 am EST. By 9:25 am EST, significant and damaging flooding was widespread throughout the Roan Mountain vicinity. The impacts and threats from flooding would persist through the day and night. These flooding rains overflowed the Doe and Watauga Rivers, which would impact areas in the county downstream later in the day. Damage values for the whole county will be entered in a subsequent entry.","Tropical Storm Helene caps off a several day heavy rainfall event in association with a stalled closed upper low that drew a stream of tropical moisture into the area on the 25th and 26th. The arrival of Helene on the 27th yielded catastrophic flash flooding and river flooding, as well as significant wind damage as wet soils and strong wind gusts led to forest damage.",61
1218745,JOHNSON CO.,TRADE,09/27/2024,830,Flash Flood, , ,1,0,6500000,0,TN,EST-5, ,195887,C,91,MRX,0,0,County Official,Heavy Rain / Tropical System, , ,2,N,1.25,WNW,TRADE,09/28/2024,600,36.379,-81.75,36.3666,-81.7998,"Reports of water rescues in Trade were received at 8:30 am EST. By 9:30 am EST, multiple structures had been damaged by flood waters throughout Trade. Damaging flood waters occurred in Mountain City and northward through Laurel Bloomery through the morning. Employees at the Parkdale Plant between Mountain City and Midway were evacuated by helicopter. Antioch Baptist Church near Midway was completely washed away by Roan Creek, to which it was adjacent. Portions of TN 91 from Laurel Bloomery northward to the state line were washed out. Flooding hazards in the county continued into the night. Reports were received from county officials, trained spotters, social media, and broadcast media.","Tropical Storm Helene caps off a several day heavy rainfall event in association with a stalled closed upper low that drew a stream of tropical moisture into the area on the 25th and 26th. The arrival of Helene on the 27th yielded catastrophic flash flooding and river flooding, as well as significant wind damage as wet soils and strong wind gusts led to forest damage.",62
1218521,HAMILTON CO.,SIGNAL MTN,09/27/2024,900,Flash Flood, , ,0,0,0,0,TN,EST-5, ,195887,C,65,MRX,0,0,911 Call Center,Heavy Rain / Tropical System, , ,1,N,1,SW,SIGNAL MTN,09/27/2024,1030,35.1445,-85.35,35.1198,-85.3625,"Several road closures due to flooding around Signal Mountain.","Tropical Storm Helene caps off a several day heavy rainfall event in association with a stalled closed upper low that drew a stream of tropical moisture into the area on the 25th and 26th. The arrival of Helene on the 27th yielded catastrophic flash flooding and river flooding, as well as significant wind damage as wet soils and strong wind gusts led to forest damage.",63
1218527,COCKE CO.,DEL RIO,09/27/2024,900,Flash Flood, , ,0,0,0,0,TN,EST-5, ,195887,C,29,MRX,0,0,911 Call Center,Heavy Rain / Tropical System, , ,1,W,3,S,DEL RIO,09/27/2024,950,35.92,-83.0479,35.8911,-83.03,"Several road closures around Del Rio.","Tropical Storm Helene caps off a several day heavy rainfall event in association with a stalled closed upper low that drew a stream of tropical moisture into the area on the 25th and 26th. The arrival of Helene on the 27th yielded catastrophic flash flooding and river flooding, as well as significant wind damage as wet soils and strong wind gusts led to forest damage.",64
1218522,SEVIER CO.,PITTMAN CENTER,09/27/2024,900,Flash Flood, , ,0,0,0,0,TN,EST-5, ,195887,C,155,MRX,0,0,911 Call Center,Heavy Rain / Tropical System, , ,4,NNE,5.5,NE,PITTMAN CENTER,09/27/2024,1000,35.8235,-83.3727,35.8058,-83.3558,"Car stranded in flood water.","Tropical Storm Helene caps off a several day heavy rainfall event in association with a stalled closed upper low that drew a stream of tropical moisture into the area on the 25th and 26th. The arrival of Helene on the 27th yielded catastrophic flash flooding and river flooding, as well as significant wind damage as wet soils and strong wind gusts led to forest damage.",65
1218748,SEVIER CO.,RICHARDSON COVE,09/27/2024,1000,Flash Flood, , ,0,0,0,0,TN,EST-5, ,195887,C,155,MRX,0,0,River/Stream Gage,Heavy Rain / Tropical System, , ,0,N,0.5,WNW,RICHARDSON COVE,09/27/2024,1100,35.82,-83.43,35.8311,-83.463,"Flooding of Maples Branch Road as well as Red Bank Road.","Tropical Storm Helene caps off a several day heavy rainfall event in association with a stalled closed upper low that drew a stream of tropical moisture into the area on the 25th and 26th. The arrival of Helene on the 27th yielded catastrophic flash flooding and river flooding, as well as significant wind damage as wet soils and strong wind gusts led to forest damage.",66
1218730,WASHINGTON CO.,JONESBORO,09/27/2024,1005,Flash Flood, , ,0,0,0,0,TN,EST-5, ,195887,C,179,MRX,0,0,Trained Spotter,Heavy Rain / Tropical System, , ,2,E,2,N,JONESBORO,09/27/2024,1300,36.3,-82.4341,36.3217,-82.47,"Flooding observed in several locations in and around Jonesborough.","Tropical Storm Helene caps off a several day heavy rainfall event in association with a stalled closed upper low that drew a stream of tropical moisture into the area on the 25th and 26th. The arrival of Helene on the 27th yielded catastrophic flash flooding and river flooding, as well as significant wind damage as wet soils and strong wind gusts led to forest damage.",67
1218741,WASHINGTON CO.,EMBREEVILLE,09/27/2024,1008,Flash Flood, , ,2,0,39000000,0,TN,EST-5, ,195887,C,179,MRX,0,2,County Official,Heavy Rain / Tropical System, , ,1.5,SW,2.5,NNE,ADAMS MILL,09/28/2024,700,36.1647,-82.489,36.13,-82.6,"Flash flooding on the Nolichucky River flowed downstream from Unicoi County. This stretch of the river is a gorge that opens into the flood plain of the Bumpus Cove Road section of the town of Embreeville. Water rescue operations had begun by 9:00 am EST in Embreeville. The stream gauge in Embreeville crossed the 16 foot moderate flood stage around 9:07 am EST. Flooding of low spots along TN 107 between Embreeville and Erwin began around 9:30 am EST. By 10:00 am EST water was beginning to threaten Embreeville homes along the river on Bumpus Cove Road as the river reached 18 feet. The river reached the 20 foot major flood stage shortly after 10:30 am EST, and water was entering some of those Bumpus Cove Road homes. The river gauge at this time was destroyed. The river crested at 33.88 feet during the afternoon (as determined later by high water marks), nearly 10 feet above the previous all-time record crest. Practically every home on Bumpus Cove Road in Embreeville was destroyed. The KOA Campground was destroyed, and even its main building at the highest point in the campground near the highway was substantially damaged. The flood waters progressed downstream all day through Washington County, wiping out homes and structures and bridges and roadways and agricultural land along its path. The threats and impacts of the flood continued through the night.","Tropical Storm Helene caps off a several day heavy rainfall event in association with a stalled closed upper low that drew a stream of tropical moisture into the area on the 25th and 26th. The arrival of Helene on the 27th yielded catastrophic flash flooding and river flooding, as well as significant wind damage as wet soils and strong wind gusts led to forest damage.",68
1218017,NORTHWEST CARTER (ZONE), ,09/27/2024,1015,High Wind,52.00, ,0,0,0,0,TN,EST-5,EG,195887,Z,46,MRX,0,0,Social Media, , , , , , , , ,09/27/2024,1015, , , , ,"A Facebook county feed reported that a golf course in Elizabethton received significant tree damage from Helene's winds. Additionally several trees were felled along Smalling Road, Constitution Avenue, and several other roads across the county.","Tropical Storm Helene caps off a several day heavy rainfall event in association with a stalled closed upper low that drew a stream of tropical moisture into the area on the 25th and 26th. The arrival of Helene on the 27th yielded catastrophic flash flooding and river flooding, as well as significant wind damage as wet soils and strong wind gusts led to forest damage.",69
1218686,GREENE CO.,CHESTNUT RIDGE,09/27/2024,1015,Flash Flood, , ,0,0,0,0,TN,EST-5, ,195887,C,59,MRX,0,0,Trained Spotter,Heavy Rain / Tropical System, , ,1.31,ESE,1.25,SE,CHESTNUT RIDGE,09/27/2024,1100,36.14,-82.68,36.1295,-82.6747,"Horse Creek Park Road near TN 107 had six inches of water across it. Small streams in the area were over their banks.","Tropical Storm Helene caps off a several day heavy rainfall event in association with a stalled closed upper low that drew a stream of tropical moisture into the area on the 25th and 26th. The arrival of Helene on the 27th yielded catastrophic flash flooding and river flooding, as well as significant wind damage as wet soils and strong wind gusts led to forest damage.",70
1218684,CARTER CO.,O BRIEN,09/27/2024,1030,Flash Flood, , ,0,0,62500000,0,TN,EST-5, ,195887,C,19,MRX,0,0,911 Call Center,Heavy Rain / Tropical System, , ,0.89,SE,5,W,CENTRAL,09/28/2024,700,36.31,-82.19,36.33,-82.28,"Heavy rain resulted in releases from Watauga Dam that began to flash flood garages and yards of riverside homes along Watauga Drive in Elizabethton around 10:30 am EST. Flash flooding flowing down the Doe River from the Roan Mountain vicinity began to flood homes and roads in the Valley Forge area around 11:25 am EST. Flooding of areas near the Doe River in Elizabethton began around 11:45 am EST when the stage exceeded 9.5 feet. Much of Elizabethton along either side of North Main and South Main Streets flooded as the Doe exceeded 10 feet. Billy Bob Garrison Field had as much as two feet of water. Homes and businesses flooded on North East Street (adjacent to North Main), where vehicles were moved and flipped by flood waters. At 1:50 pm EST, Sycamore Shoals Hospital on the west side of Elizabethton was evacuated. The Doe River and its flash flooding impacts peaked at 1:30 pm EST with a crest of 10.78 feet, and fell below 9.5 feet at 4 pm EST. The Watauga River crested at 13.57 feet at 2:15 pm EST, and flooding continued into the next day.","Tropical Storm Helene caps off a several day heavy rainfall event in association with a stalled closed upper low that drew a stream of tropical moisture into the area on the 25th and 26th. The arrival of Helene on the 27th yielded catastrophic flash flooding and river flooding, as well as significant wind damage as wet soils and strong wind gusts led to forest damage.",71
1218839,COCKE CO.,WOLF CREEK,09/27/2024,1030,Flood, , ,0,0,0,0,TN,EST-5, ,195887,C,29,MRX,0,0,Emergency Manager,Heavy Rain / Tropical System, , ,2,SE,2.5,SW,DEL RIO,09/29/2024,200,35.8995,-82.9247,35.9021,-83.0521,"The river gauge on the French Broad River at Newport exceeded the 16 foot moderate flood stage at 10:30 am EST on the 27th. At that stage, cabins along the river near Del Rio begin to take water. The river remained above moderate flood stage until 2:00 am EST on the 29th, cresting at 23.34 feet at 9:15 pm EST on the 27th, about a half foot below its record crest set in 1867. Flooding of roads and structures occurred. This river flows through less developed areas, and avoids the city of Newport. All told, Cocke County estimates $24.3 million in total county damages, which are included in the entry for the Pigeon River record flooding.","Tropical Storm Helene caps off a several day heavy rainfall event in association with a stalled closed upper low that drew a stream of tropical moisture into the area on the 25th and 26th. The arrival of Helene on the 27th yielded catastrophic flash flooding and river flooding, as well as significant wind damage as wet soils and strong wind gusts led to forest damage.",72
1207155,WILSON (ZONE), ,09/27/2024,1245,Strong Wind,43.00, ,0,0,10000,0,TN,CST-6,EG,195299,Z,28,OHX,0,0,Law Enforcement, , , , , , , , ,09/27/2024,1245, , , , ,"Strong winds caused a tree to fall onto powerlines, causing a power outage in the 200 block of Division Street in Mount Juliet. Damages are a rough estimate.","As the remnants of Hurricane Helene made their way into the southeastern United States, winds strengthened across Middle Tennessee on September 27, 2024. Wind speeds were less than 50 mph, but due to saturated grounds from Helene's rain, several trees and powerlines were reported down.",73
1218750,SEVIER CO.,RICHARDSON COVE,09/27/2024,1300,Flash Flood, , ,0,0,0,0,TN,EST-5, ,195887,C,155,MRX,0,0,River/Stream Gage,Heavy Rain / Tropical System, , ,3,NNW,3,NNW,RICHARDSON COVE,09/27/2024,1400,35.8601,-83.4505,35.8508,-83.4457,"Flooding of the parking lot of Bethel Baptist Church. Water touched the back corner of the brick wall of the education building.","Tropical Storm Helene caps off a several day heavy rainfall event in association with a stalled closed upper low that drew a stream of tropical moisture into the area on the 25th and 26th. The arrival of Helene on the 27th yielded catastrophic flash flooding and river flooding, as well as significant wind damage as wet soils and strong wind gusts led to forest damage.",74
1207156,SUMNER (ZONE), ,09/27/2024,1441,Strong Wind,43.00, ,0,0,10000,0,TN,CST-6,EG,195299,Z,8,OHX,0,0,Utility Company, , , , , , , , ,09/27/2024,1441, , , , ,"A downed tree caused a power outage to approximately 3,500 customers in the Gallatin area. Damages are a rough estimate.","As the remnants of Hurricane Helene made their way into the southeastern United States, winds strengthened across Middle Tennessee on September 27, 2024. Wind speeds were less than 50 mph, but due to saturated grounds from Helene's rain, several trees and powerlines were reported down.",75
1218827,HAWKINS CO.,BULLS GAP,09/27/2024,1500,Flash Flood, , ,0,0,0,0,TN,EST-5, ,195887,C,73,MRX,0,0,911 Call Center,Heavy Rain / Tropical System, , ,1.5,N,2,W,BULLS GAP,09/27/2024,1600,36.2717,-83.08,36.25,-83.0926,"McCollough Cemetery Road and Bulls Gap St. Clair Road were closed due to flooding in Bulls Gap.","Tropical Storm Helene caps off a several day heavy rainfall event in association with a stalled closed upper low that drew a stream of tropical moisture into the area on the 25th and 26th. The arrival of Helene on the 27th yielded catastrophic flash flooding and river flooding, as well as significant wind damage as wet soils and strong wind gusts led to forest damage.",76
1207157,DAVIDSON (ZONE), ,09/27/2024,1710,Strong Wind,43.00, ,0,0,10000,0,TN,CST-6,EG,195299,Z,27,OHX,0,0,Social Media, , , , , , , , ,09/27/2024,1710, , , , ,"Strong winds downed a large tree onto a powerline along Zermatt Avenue in south Nashville. Damages are a rough estimate.","As the remnants of Hurricane Helene made their way into the southeastern United States, winds strengthened across Middle Tennessee on September 27, 2024. Wind speeds were less than 50 mph, but due to saturated grounds from Helene's rain, several trees and powerlines were reported down.",77
1207158,STEWART (ZONE), ,09/27/2024,1716,Strong Wind,43.00, ,0,0,10000,0,TN,CST-6,EG,195299,Z,5,OHX,0,0,Utility Company, , , , , , , , ,09/27/2024,1716, , , , ,"Strong winds caused power outages to approximately 1,200 customers in Big Rock. Damages are a rough estimate.","As the remnants of Hurricane Helene made their way into the southeastern United States, winds strengthened across Middle Tennessee on September 27, 2024. Wind speeds were less than 50 mph, but due to saturated grounds from Helene's rain, several trees and powerlines were reported down.",78
1218836,GREENE CO.,ST JAMES,09/27/2024,2030,Flood, , ,1,0,22700000,0,TN,EST-5, ,195887,C,59,MRX,0,0,Emergency Manager,Heavy Rain / Tropical System, , ,8,NW,0,S,GREENEVILLE,09/29/2024,0,36.1119,-83.0513,36.0976,-82.83,"The massive flood wave on the Nolichucky River entered the eastern half of Greene County. Nolichucky Dam crested at 66.03 feet during the early morning of the 28th, setting a new record crest by far. Justified concerns that Nolichucky Dam would not withstand the flood wave were fortunately eased as the dam withstood the onslaught, although the power station building was damaged beyond repair. Downstream, the river gauge at Lowland just outside of Greene County shattered its previous record crest by 9 feet, cresting at 35.16 feet at 10:15 am EST on the 28th. Numerous structures were flooded or destroyed. Numerous roadways were inundated and some bridges were destroyed.","Tropical Storm Helene caps off a several day heavy rainfall event in association with a stalled closed upper low that drew a stream of tropical moisture into the area on the 25th and 26th. The arrival of Helene on the 27th yielded catastrophic flash flooding and river flooding, as well as significant wind damage as wet soils and strong wind gusts led to forest damage.",79
1207159,DAVIDSON (ZONE), ,09/27/2024,2300,Strong Wind,35.00, ,0,0,1000,0,TN,CST-6,EG,195299,Z,27,OHX,0,0,Social Media, , , , , , , , ,09/27/2024,2300, , , , ,"Strong winds downed a tree which blocked Old Hickory Boulevard in Forest Hills. Damages are a rough estimate.","As the remnants of Hurricane Helene made their way into the southeastern United States, winds strengthened across Middle Tennessee on September 27, 2024. Wind speeds were less than 50 mph, but due to saturated grounds from Helene's rain, several trees and powerlines were reported down.",80
1218840,COCKE CO.,LIBERTY HILL,09/27/2024,2300,Flood, , ,2,0,0,0,TN,EST-5, ,195887,C,29,MRX,0,0,Emergency Manager,Heavy Rain / Tropical System, , ,5,ENE,3,WSW,LIBERTY HILL,09/29/2024,0,36.1077,-83.0873,36.0579,-83.2362,"Flooding on the Cocke County side from the massive flood wave on the Nolichucky River near Lowland. The Lowland river gauge was above its previous record crest for nearly 20 hours, cresting at 35.16 feet at 10:15 am EST on the 28th, 9 feet above its previous record. Damaging flooding occurred, but in mostly rural and agricultural areas. As the river swelled out of its banks in the area where it becomes the border between Greene and Cocke counties, it flooded Goodwater Road around midnight where an elderly couple were swept away in their vehicle trying to escape. All told, Cocke County estimates $24.3 million in total county damages, which are included in the entry for the Pigeon River record flooding.","Tropical Storm Helene caps off a several day heavy rainfall event in association with a stalled closed upper low that drew a stream of tropical moisture into the area on the 25th and 26th. The arrival of Helene on the 27th yielded catastrophic flash flooding and river flooding, as well as significant wind damage as wet soils and strong wind gusts led to forest damage.",81
1218837,HAMBLEN CO.,LOWLAND,09/28/2024,0,Flood, , ,0,0,11000000,0,TN,EST-5, ,195887,C,63,MRX,0,0,Emergency Manager,Heavy Rain / Tropical System, , ,3,ENE,0.6,NE,LOWLAND,09/29/2024,0,36.1866,-83.1503,36.1843,-83.1823,"Flooding on the Hamblen County side from the massive flood wave on the Nolichucky River near Lowland. The Lowland river gauge was above its previous record crest for nearly 20 hours, cresting at 35.16 feet at 10:15 am EST on the 28th, 9 feet above its previous record. Damaging flooding occurred, but in mostly rural and agricultural areas.","Tropical Storm Helene caps off a several day heavy rainfall event in association with a stalled closed upper low that drew a stream of tropical moisture into the area on the 25th and 26th. The arrival of Helene on the 27th yielded catastrophic flash flooding and river flooding, as well as significant wind damage as wet soils and strong wind gusts led to forest damage.",82
1218015,SEVIER/SMOKY MOUNTAINS (ZONE), ,09/28/2024,100,High Wind,54.00, ,0,0,0,0,TN,EST-5,MG,195887,Z,74,MRX,0,0,Mesonet, , , , , , , , ,09/28/2024,100, , , , ,"The Cove Mountain wind tower recorded a 62 mph wind gust in association with Helene's pressure gradient at 1 AM LST on the 28th, post passage of the main storm center.","Tropical Storm Helene caps off a several day heavy rainfall event in association with a stalled closed upper low that drew a stream of tropical moisture into the area on the 25th and 26th. The arrival of Helene on the 27th yielded catastrophic flash flooding and river flooding, as well as significant wind damage as wet soils and strong wind gusts led to forest damage.",83
1218881,KNOX CO.,TUCKAHOE,09/28/2024,830,Flood, , ,0,0,0,0,TN,EST-5, ,195887,C,93,MRX,0,0,911 Call Center,Planned Dam Release, , ,1,NE,2,WNW,TUCKAHOE,09/29/2024,1200,35.9602,-83.6674,35.9666,-83.7296,"TVA increased releases from Douglas Dam for a few days in response to incoming flood waters from the Nolichucky, French Broad, and Pigeon Rivers. Flooding due to backwater issues caused by the high releases included Tuckahoe Creek, impacting Smith School Road and Kodak Road. Flooding also reported along Curtis Road. Some sections of roadways were flooded a foot deep.","Tropical Storm Helene caps off a several day heavy rainfall event in association with a stalled closed upper low that drew a stream of tropical moisture into the area on the 25th and 26th. The arrival of Helene on the 27th yielded catastrophic flash flooding and river flooding, as well as significant wind damage as wet soils and strong wind gusts led to forest damage.",84
1218880,SEVIER CO.,BOYDS CREEK,09/28/2024,1115,Flood, , ,0,0,20000,0,TN,EST-5, ,195887,C,155,MRX,0,0,Emergency Manager,Planned Dam Release, , ,1.25,E,1.25,E,BOYDS CREEK,09/29/2024,1200,35.92,-83.6477,35.92,-83.6343,"TVA increased releases from Douglas Dam for a few days in response to incoming flood waters from the Nolichucky, French Broad, and Pigeon Rivers. As a result, downstream from the dam, water encroached into the Deerfield mobile home park, and the entrance was inundated with over two feet of water. A few other homes along the river in the area had taken some water.","Tropical Storm Helene caps off a several day heavy rainfall event in association with a stalled closed upper low that drew a stream of tropical moisture into the area on the 25th and 26th. The arrival of Helene on the 27th yielded catastrophic flash flooding and river flooding, as well as significant wind damage as wet soils and strong wind gusts led to forest damage.",85
